{"train_loss_step": 0.8299644040850411, "_timestamp": 1698105332, "_runtime": 31, "lr": 2.6265486725663717e-05, "cor": 0.006097602425143123, "time (min)": 0.4331513484319051, "_step": 0}